"age","email","first_name","gender","last_name","salary"
"41","jalvin0@hubpages.com","Josh","Male","Alvin",""
"30","gcracie1@naver.com","Graeme","Male","","235819"
"37","","Trixy","","King","188725"
"29","cbrowse3@biblegateway.com","Cristin","Female","Browse","297980"
"28","","Isaiah","Male","Itzchaky","214838"
"29","gfarnon5@indiegogo.com","","Male","",""
"","","Hannis","Female","Schankelborg","88631"
"","tswarbrick7@bbc.co.uk","Tobe","Male","",""
"","dnecolds8@privacy.gov.au","Denice","Female","Necolds","228299"
"48","","Shalne","Female","","186700"
"41","ttesauroc@youtube.com","Tobie","Male","Tesauro","128923"
